Workbook
Name Page_20_18_29: OFFSET('[1]Page 20 Data'!$B$21,0,0,COUNTA('[1]Page 20 Data'!$B:$B)-17)
Name Page_20_18_29: OFFSET('[2]Page 20 Data'!$B$21,0,0,COUNTA('[2]Page 20 Data'!$B:$B)-17)
Name Page_20_30_39: OFFSET('[1]Page 20 Data'!$C$21,0,0,COUNTA('[1]Page 20 Data'!$C:$C)-17)
Name Page_20_30_39: OFFSET('[2]Page 20 Data'!$C$21,0,0,COUNTA('[2]Page 20 Data'!$C:$C)-17)
Name Page_20_40_49: OFFSET('[1]Page 20 Data'!$D$21,0,0,COUNTA('[1]Page 20 Data'!$D:$D)-17)
Name Page_20_40_49: OFFSET('[2]Page 20 Data'!$D$21,0,0,COUNTA('[2]Page 20 Data'!$D:$D)-17)
Name Page_20_50_59: OFFSET('[1]Page 20 Data'!$E$21,0,0,COUNTA('[1]Page 20 Data'!$E:$E)-17)
Name Page_20_50_59: OFFSET('[2]Page 20 Data'!$E$21,0,0,COUNTA('[2]Page 20 Data'!$E:$E)-17)
Name Page_20_60_69: OFFSET('[1]Page 20 Data'!$F$21,0,0,COUNTA('[1]Page 20 Data'!$F:$F)-17)
Name Page_20_60_69: OFFSET('[2]Page 20 Data'!$F$21,0,0,COUNTA('[2]Page 20 Data'!$F:$F)-17)
Name Page_20_70plus: OFFSET('[1]Page 20 Data'!$G$21,0,0,COUNTA('[1]Page 20 Data'!$G:$G)-17)
Name Page_20_70plus: OFFSET('[2]Page 20 Data'!$G$21,0,0,COUNTA('[2]Page 20 Data'!$G:$G)-17)
Name Page_22_18: OFFSET('[1]Page 22 Data'!$B$17,0,0,COUNTA('[1]Page 22 Data'!$B:$B)-13)
Name Page_22_18: OFFSET('[2]Page 22 Data'!$B$17,0,0,COUNTA('[2]Page 22 Data'!$B:$B)-13)
Name Page_22_30: OFFSET('[1]Page 22 Data'!$C$17,0,0,COUNTA('[1]Page 22 Data'!$C:$C)-13)
Name Page_22_30: OFFSET('[2]Page 22 Data'!$C$17,0,0,COUNTA('[2]Page 22 Data'!$C:$C)-13)
Name Page_22_40: OFFSET('[1]Page 22 Data'!$D$17,0,0,COUNTA('[1]Page 22 Data'!$D:$D)-13)
Name Page_22_40: OFFSET('[2]Page 22 Data'!$D$17,0,0,COUNTA('[2]Page 22 Data'!$D:$D)-13)
Name Page_22_50: OFFSET('[1]Page 22 Data'!$E$17,0,0,COUNTA('[1]Page 22 Data'!$E:$E)-13)
Name Page_22_50: OFFSET('[2]Page 22 Data'!$E$17,0,0,COUNTA('[2]Page 22 Data'!$E:$E)-13)
Name Page_22_60: OFFSET('[1]Page 22 Data'!$F$17,0,0,COUNTA('[1]Page 22 Data'!$F:$F)-13)
Name Page_22_60: OFFSET('[2]Page 22 Data'!$F$17,0,0,COUNTA('[2]Page 22 Data'!$F:$F)-13)
Name Page_22_70: OFFSET('[1]Page 22 Data'!$G$17,0,0,COUNTA('[1]Page 22 Data'!$G:$G)-13)
Name Page_22_70: OFFSET('[2]Page 22 Data'!$G$17,0,0,COUNTA('[2]Page 22 Data'!$G:$G)-13)
Name Page_22_Date: OFFSET('[1]Page 22 Data'!$A$17,0,0,COUNTA('[1]Page 22 Data'!$A:$A)-15)
Name Page_22_Date: OFFSET('[2]Page 22 Data'!$A$17,0,0,COUNTA('[2]Page 22 Data'!$A:$A)-15)
Name Page_23_18: OFFSET('[1]Page 23 Data'!$B$17,0,0,COUNTA('[1]Page 23 Data'!$B:$B)-13)
Name Page_23_18: OFFSET('[2]Page 23 Data'!$B$17,0,0,COUNTA('[2]Page 23 Data'!$B:$B)-13)
Name Page_23_30: OFFSET('[1]Page 23 Data'!$C$17,0,0,COUNTA('[1]Page 23 Data'!$C:$C)-13)
Name Page_23_30: OFFSET('[2]Page 23 Data'!$C$17,0,0,COUNTA('[2]Page 23 Data'!$C:$C)-13)
Name Page_23_40: OFFSET('[1]Page 23 Data'!$D$17,0,0,COUNTA('[1]Page 23 Data'!$D:$D)-13)
Name Page_23_40: OFFSET('[2]Page 23 Data'!$D$17,0,0,COUNTA('[2]Page 23 Data'!$D:$D)-13)
Name Page_23_50: OFFSET('[1]Page 23 Data'!$E$17,0,0,COUNTA('[1]Page 23 Data'!$E:$E)-13)
Name Page_23_50: OFFSET('[2]Page 23 Data'!$E$17,0,0,COUNTA('[2]Page 23 Data'!$E:$E)-13)
Name Page_23_60: OFFSET('[1]Page 23 Data'!$F$17,0,0,COUNTA('[1]Page 23 Data'!$F:$F)-13)
Name Page_23_60: OFFSET('[2]Page 23 Data'!$F$17,0,0,COUNTA('[2]Page 23 Data'!$F:$F)-13)
Name Page_23_70: OFFSET('[1]Page 23 Data'!$G$17,0,0,COUNTA('[1]Page 23 Data'!$G:$G)-13)
Name Page_23_70: OFFSET('[2]Page 23 Data'!$G$17,0,0,COUNTA('[2]Page 23 Data'!$G:$G)-13)
Name Page_23_Date: OFFSET('[1]Page 23 Data'!$A$17,0,0,COUNTA('[1]Page 23 Data'!$A:$A)-15)
Name Page_23_Date: OFFSET('[2]Page 23 Data'!$A$17,0,0,COUNTA('[2]Page 23 Data'!$A:$A)-15)
Name Page_24_18: OFFSET('[1]Page 24 Data'!$B$16,0,0,COUNTA('[1]Page 24 Data'!$B:$B)-13)
Name Page_24_18: OFFSET('[2]Page 24 Data'!$B$16,0,0,COUNTA('[2]Page 24 Data'!$B:$B)-13)
Name Page_24_30: OFFSET('[1]Page 24 Data'!$C$16,0,0,COUNTA('[1]Page 24 Data'!$C:$C)-13)
Name Page_24_30: OFFSET('[2]Page 24 Data'!$C$16,0,0,COUNTA('[2]Page 24 Data'!$C:$C)-13)
Name Page_24_40: OFFSET('[1]Page 24 Data'!$D$16,0,0,COUNTA('[1]Page 24 Data'!$D:$D)-13)
Name Page_24_40: OFFSET('[2]Page 24 Data'!$D$16,0,0,COUNTA('[2]Page 24 Data'!$D:$D)-13)
Name Page_24_50: OFFSET('[1]Page 24 Data'!$E$16,0,0,COUNTA('[1]Page 24 Data'!$E:$E)-13)
Name Page_24_50: OFFSET('[2]Page 24 Data'!$E$16,0,0,COUNTA('[2]Page 24 Data'!$E:$E)-13)
Name Page_24_60: OFFSET('[1]Page 24 Data'!$F$16,0,0,COUNTA('[1]Page 24 Data'!$F:$F)-13)
Name Page_24_60: OFFSET('[2]Page 24 Data'!$F$16,0,0,COUNTA('[2]Page 24 Data'!$F:$F)-13)
Name Page_24_70: OFFSET('[1]Page 24 Data'!$G$16,0,0,COUNTA('[1]Page 24 Data'!$G:$G)-13)
Name Page_24_70: OFFSET('[2]Page 24 Data'!$G$16,0,0,COUNTA('[2]Page 24 Data'!$G:$G)-13)
Name Page_24_Date: OFFSET('[1]Page 24 Data'!$A$16,0,0,COUNTA('[1]Page 24 Data'!$A:$A)-15)
Name Page_24_Date: OFFSET('[2]Page 24 Data'!$A$16,0,0,COUNTA('[2]Page 24 Data'!$A:$A)-15)
Name Page_25_18: OFFSET('[1]Page 25 Data'!$B$16,0,0,COUNTA('[1]Page 25 Data'!$B:$B)-13)
Name Page_25_18: OFFSET('[2]Page 25 Data'!$B$16,0,0,COUNTA('[2]Page 25 Data'!$B:$B)-13)
Name Page_25_30: OFFSET('[1]Page 25 Data'!$C$16,0,0,COUNTA('[1]Page 25 Data'!$C:$C)-13)
Name Page_25_30: OFFSET('[2]Page 25 Data'!$C$16,0,0,COUNTA('[2]Page 25 Data'!$C:$C)-13)
Name Page_25_40: OFFSET('[1]Page 25 Data'!$D$16,0,0,COUNTA('[1]Page 25 Data'!$D:$D)-13)
Name Page_25_40: OFFSET('[2]Page 25 Data'!$D$16,0,0,COUNTA('[2]Page 25 Data'!$D:$D)-13)

Sheet Auto Loan Origination Data
A1: Auto Loan Origination Volume by Riskscore | I1: Source: New York Fed Consumer Credit Panel/Equifax
A2: Billions of $
A3: Return to Table of Contents
B4: <620 | C4: 620-659 | D4: 660-719 | E4: 720-759 | F4: 760+ | H4: TOTAL
A5: 04:Q1 | B5: 31.94924 | C5: 14.46022 | D5: 27.04668 | E5: 17.3 | F5: 21.2 | H5: 111.95614
A6: 04:Q2 | B6: 26.80983 | C6: 15.60173 | D6: 32.25743 | E6: 18 | F6: 24.8 | H6: 117.46899
A7: 04:Q3 | B7: 30.31104 | C7: 15.61396 | D7: 27.13449 | E7: 18.9 | F7: 24 | H7: 115.95949
A8: 04:Q4 | B8: 30.04303 | C8: 13.34953 | D8: 26.42858 | E8: 16.6 | F8: 23.4 | H8: 109.82114
A9: 05:Q1 | B9: 27.47711 | C9: 11.97451 | D9: 22.97665 | E9: 15.6 | F9: 22.4 | H9: 100.42827
A10: 05:Q2 | B10: 41.2285 | C10: 19.74217 | D10: 34.23352 | E10: 21.7 | F10: 33.8 | H10: 150.70419
A11: 05:Q3 | B11: 35.54737 | C11: 22.56446 | D11: 35.30404 | E11: 24.6 | F11: 41.7 | H11: 159.71587
A12: 05:Q4 | B12: 31.38033 | C12: 18.1019 | D12: 24.96807 | E12: 13.7 | F12: 20.4 | H12: 108.5503
A13: 06:Q1 | B13: 30.71246 | C13: 13.92458 | D13: 21.21455 | E13: 14.4 | F13: 21 | H13: 101.25159
A14: 06:Q2 | B14: 36.41469 | C14: 16.84849 | D14: 23.36336 | E14: 15.8 | F14: 21.9 | H14: 114.32654
A15: 06:Q3 | B15: 36.59724 | C15: 19.47254 | D15: 28.5949 | E15: 17.1 | F15: 27.3 | H15: 129.06468
A16: 06:Q4 | B16: 30.80553 | C16: 12.87097 | D16: 23.0309 | E16: 15 | F16: 22.8 | H16: 104.5074
... A55: 16:Q3 | B55: 31.3 | C55: 19.8 | D55: 33.5 | E55: 21.2 | F55: 44 | H55: 149.8
A56: 16:Q4 | B56: 27.2 | C56: 17.8 | D56: 31.8 | E56: 19.5 | F56: 45.7 | H56: =SUM(B56:F56) -> 142
A57: 17:Q1 | B57: 25.9 | C57: 15.6 | D57: 28.5 | E57: 20.4 | F57: 42 | H57: =SUM(B57:F57) -> 132.4
A58: 17:Q2 | B58: 32.27 | C58: 18.59 | D58: 33.17 | E58: 20.62 | F58: 43.71 | H58: 148.4
A59: 17:Q3 | B59: 29.59339 | C59: 18.21834 | D59: 33.70838 | E59: 23.04676 | F59: 46.06782 | H59: 150.63469
A60: 17:Q4 | B60: 25.99677 | C60: 16.71095 | D60: 30.20775 | E60: 20.19395 | F60: 44.09444 | H60: 137.20386
A61: 18:Q1 | B61: 24.65893 | C61: 15.13152 | D61: 28.57127 | E61: 18.91405 | F61: 43.59313 | H61: 130.8689
A62: 18:Q2 | B62: 32.15117 | C62: 18.36215 | D62: 31.5879 | E62: 21.41402 | F62: 47.71023 | H62: 151.22547
A63: 18:Q3 | B63: 32.551 | C63: 18.12617 | D63: 33.81323 | E63: 23.22478 | F63: 49.87252 | H63: 157.5877
A64: 18:Q4 | B64: 27.87223 | C64: 16.68314 | D64: 31.75899 | E64: 20.30299 | F64: 47.71041 | H64: 144.32776
A65: 19:Q1 | B65: 27.88042 | C65: 17.0095 | D65: 29.13574 | E65: 19.13287 | F65: 45.92689 | H65: 139.08542
A66: 19:Q2 | B66: 32.69303 | C66: 19.22759 | D66: 31.81002 | E66: 22.59598 | F66: 49.23275 | H66: 155.55937
A67: 19:Q3 | B67: 30.14945 | C67: 18.87271 | D67: 32.51242 | E67: 24.57248 | F67: 53.03337 | H67: 159.14043
A68: 19:Q4 | B68: 30.96696 | C68: 16.66676 | D68: 33.54792 | E68: 22.42797 | F68: 54.95992 | H68: 158.56953
A69: 20:Q1 | B69: 28.36947 | C69: 15.62683 | D69: 28.97953 | E69: 24.35326 | F69: 52.97111 | H69: 150.3002
... A91: 25:Q3 | B91: 27.55074 | C91: 17.46926 | D91: 35.76899 | E91: 29.63807 | F91: 73.4371 | H91: 183.86416
A92: 25:Q4 | B92: 31.75 | C92: 17.47 | D92: 37.3 | E92: 26.23 | F92: 68.09 | H92: =SUM(B92:F92) -> 180.84
A93: 26:Q1 | B93: 28.42 | C93: 21.54 | D93: 32.68 | E93: 21.39 | F93: 78.02 | H93: =SUM(B93:F93) -> 182.05
B94: =AVERAGE(B69:B93) -> 28.855624 | C94: =AVERAGE(C69:C93) -> 18.998406 | D94: =AVERAGE(D69:D93) -> 37.032118 | E94: =AVERAGE(E69:E93) -> 27.065632 | F94: =AVERAGE(F69:F93) -> 63.487687 | G94: =AVERAGE(G69:G93) -> #DIV/0! | H94: =AVERAGE(H69:H93) -> 175.43947

Sheet Averages by Period
C4: 2004-2008 | D4: 2009-2013 | E4: 2014-2018 | F4: 2019-2025
B5: Below 620 | C5: =AVERAGE('Auto Loan Origination Data'!B1:B24) -> 29.915868 | D5: =AVERAGE('Auto Loan Origination Data'!B$25:B$44) -> 18.618719 | E5: =AVERAGE('Auto Loan Origination Data'!B45:B64) -> 29.182441 | F5: =AVERAGE('Auto Loan Origination Data'!B65:B92) -> 29.095016
B6: 620-659 | C6: =AVERAGE('Auto Loan Origination Data'!C1:C24) -> 14.54164 | D6: =AVERAGE('Auto Loan Origination Data'!C25:C44) -> 11.378859 | E6: =AVERAGE('Auto Loan Origination Data'!C45:C64) -> 17.460428 | F6: =AVERAGE('Auto Loan Origination Data'!C65:C92) -> 18.757025
B7: 660-719 | C7: =AVERAGE('Auto Loan Origination Data'!D1:D24) -> 24.106505 | D7: =AVERAGE('Auto Loan Origination Data'!D25:D44) -> 19.076678 | E7: =AVERAGE('Auto Loan Origination Data'!D45:D64) -> 29.887808 | F7: =AVERAGE('Auto Loan Origination Data'!D65:D92) -> 36.43318
B8: 720-759 | C8: =AVERAGE('Auto Loan Origination Data'!E1:E24) -> 16.135 | D8: =AVERAGE('Auto Loan Origination Data'!E25:E44) -> 13.63 | E8: =AVERAGE('Auto Loan Origination Data'!E45:E64) -> 19.425828 | F8: =AVERAGE('Auto Loan Origination Data'!E65:E92) -> 26.570718
B9: 760+ | C9: =AVERAGE('Auto Loan Origination Data'!F1:F24) -> 24.91 | D9: =AVERAGE('Auto Loan Origination Data'!F25:F44) -> 28.49 | E9: =AVERAGE('Auto Loan Origination Data'!F45:F64) -> 41.922928 | F9: =AVERAGE('Auto Loan Origination Data'!F65:F92) -> 61.154468
B10: Totals | C10: =AVERAGE('Auto Loan Origination Data'!H1:H24) -> 109.60901 | D10: =AVERAGE('Auto Loan Origination Data'!H25:H44) -> 91.194256 | E10: =AVERAGE('Auto Loan Origination Data'!H45:H64) -> 137.88143 | F10: =AVERAGE('Auto Loan Origination Data'!H65:H92) -> 172.01041

Sheet Subprime Comparison
A1: Period | B1: Subprime Org (Billions) | C1: 90 Day Deliquency %
A2: 2004-2008 | B2: 44.46 | C2: =AVERAGE('Delinquent Data 90'!D9:D28) -> 2.612
A3: 2009-2013 | B3: 30 | C3: =AVERAGE('Delinquent Data 90'!D29:D48) -> 4.479
A4: 2014-2018 | B4: 46.64 | C4: =AVERAGE('Delinquent Data 90'!D49:D68) -> 3.6935
A5: 2019-2025 | B5: 47.85 | C5: =AVERAGE('Delinquent Data 90'!D69:D96) -> 4.4839811

Sheet Increases Since Recession
B3: Increases Since Crisis Era | C3: =('Delinquent Data 90'!D97-'Subprime Comparison'!C2)/'Subprime Comparison'!C2 -> 1.143951

Sheet Total Subprime
B4: Total Subprime Loan in 25 | C4: =SUM('Auto Loan Origination Data'!B89:B92)+SUM('Auto Loan Origination Data'!C89:C92) -> 182.13038

Sheet Delinquent Data 90
A1: Percent of Balance 90+ Days Delinquent by Loan Type
A2: Percent
A3: Return to Table of Contents | J3: Source: New York Fed Consumer Credit Panel/Equifax
B4: MORTGAGE | C4: HELOC | D4: AUTO | E4: CC | F4: STUDENT LOAN | G4: OTHER | H4: ALL
A5: 03:Q1 | B5: 1.21 | C5: 0.35 | D5: 2.33 | E5: 8.84 | F5: 6.1291234 | G5: 7.23 | H5: 2.5668428
A6: 03:Q2 | B6: 1.14 | C6: 0.28 | D6: 2.26 | E6: 8.9 | F6: 6.137217 | G6: 7.13 | H6: 2.4920083
A7: 03:Q3 | B7: 1.1 | C7: 0.22 | D7: 2.16 | E7: 8.67 | F7: 6.2696945 | G7: 6.88 | H7: 2.3928671
A8: 03:Q4 | B8: 1.06 | C8: 0.31 | D8: 2.16 | E8: 9.24 | F8: 6.2315935 | G8: 7.47 | H8: 2.3528114
A9: 04:Q1 | B9: 1.01 | C9: 0.21 | D9: 2.32 | E9: 9.27 | F9: 6.3362972 | G9: 7.68 | H9: 2.3111903
A10: 04:Q2 | B10: 1 | C10: 0.15 | D10: 2.17 | E10: 8.85 | F10: 6.3751997 | G10: 7.74 | H10: 2.2189362
A11: 04:Q3 | B11: 1.08 | C11: 0.18 | D11: 2.27 | E11: 8.65 | F11: 6.4960606 | G11: 7.48 | H11: 2.2427952
A12: 04:Q4 | B12: 1.08 | C12: 0.21 | D12: 2.42 | E12: 9.18 | F12: 6.3213769 | G12: 7.01 | H12: 2.2610334
A13: 05:Q1 | B13: 1.01 | C13: 0.25 | D13: 2.38 | E13: 9.59 | F13: 6.0324532 | G13: 7.25 | H13: 2.2052418
A14: 05:Q2 | B14: 0.87 | C14: 0.24 | D14: 1.99 | E14: 9.23 | F14: 6.7118056 | G14: 6.17 | H14: 2.0175731
A15: 05:Q3 | B15: 0.91 | C15: 0.2 | D15: 2.03 | E15: 9.07 | F15: 6.993381 | G15: 5.96 | H15: 2.0206901
A16: 05:Q4 | B16: 0.93 | C16: 0.16 | D16: 2.09 | E16: 8.53 | F16: 6.5892264 | G16: 5.94 | H16: 1.9710134
... A97: 26:Q1 | B97: 1.09 | C97: 0.95 | D97: 5.6 | E97: 13.12 | F97: 10.34 | G97: 9.76 | H97: 3.36
